Workbook

Sheet MovieFinancials
A1: movie_id | B1: title | C1: industry | D1: release_year | E1: imdb_rating | F1: studio | G1: language_id | H1: budget | I1: revenue | J1: unit | K1: currency | L1: unit_factor | M1: budget mi | N1: revenue mi | O1: budget INR | P1: revenue INR | Q1: budget USD | R1: revenue USD | S1: watch_verdict | T1: roi_pct
A2: 128 | B2: Taare Zameen Par | C2: Bollywood | D2: 2007 | E2: 8.3 | F2: Not Available | G2: 1 | H2: 120 | I2: 1350 | J2: Millions | K2: INR | L2: 1 | M2: 120 | N2: 1350 | O2: 120 | P2: 1350 | Q2: 1.5 | R2: 16.875 | S2: =IF(OR(E2="",E2="NULL"),"Not rated",IF(E2>=8,"Must Watch",IF(E2>=6,"Worth of watch","Skip"))) -> Must Watch | T2: =IF(OR(Q2="",Q2="NULL",R2="",R2="NULL"),"",IFERROR((R2-Q2)/Q2,"")) -> 10.25
A3: 130 | B3: PK | C3: Bollywood | D3: 2014 | E3: 8.1 | F3: Vinod Chopra Films | G3: 1 | H3: 850 | I3: 8540 | J3: Millions | K3: INR | L3: 1 | M3: 850 | N3: 8540 | O3: 850 | P3: 8540 | Q3: 10.625 | R3: 106.75 | S3: =IF(OR(E3="",E3="NULL"),"Not rated",IF(E3>=8,"Must Watch",IF(E3>=6,"Worth of watch","Skip"))) -> Must Watch | T3: =IF(OR(Q3="",Q3="NULL",R3="",R3="NULL"),"",IFERROR((R3-Q3)/Q3,"")) -> 9.0470588
A4: 109 | B4: Kabhi Khushi Kabhie Gham | C4: Bollywood | D4: 2001 | E4: 7.4 | F4: Dharma Productions | G4: 1 | H4: 390 | I4: 1360 | J4: Millions | K4: INR | L4: 1 | M4: 390 | N4: 1360 | O4: 390 | P4: 1360 | Q4: 4.875 | R4: 17 | S4: =IF(OR(E4="",E4="NULL"),"Not rated",IF(E4>=8,"Must Watch",IF(E4>=6,"Worth of watch","Skip"))) -> Worth of watch | T4: =IF(OR(Q4="",Q4="NULL",R4="",R4="NULL"),"",IFERROR((R4-Q4)/Q4,"")) -> 2.4871795
A5: 129 | B5: Munna Bhai M.B.B.S. | C5: Bollywood | D5: 2003 | E5: 8.1 | F5: Vinod Chopra Productions | G5: 1 | H5: 100 | I5: 410 | J5: Millions | K5: INR | L5: 1 | M5: 100 | N5: 410 | O5: 100 | P5: 410 | Q5: 1.25 | R5: 5.125 | S5: =IF(OR(E5="",E5="NULL"),"Not rated",IF(E5>=8,"Must Watch",IF(E5>=6,"Worth of watch","Skip"))) -> Must Watch | T5: =IF(OR(Q5="",Q5="NULL",R5="",R5="NULL"),"",IFERROR((R5-Q5)/Q5,"")) -> 3.1
A6: 131 | B6: Sanju | C6: Bollywood | D6: 2018 | E6: NULL | F6: Vinod Chopra Films | G6: 1 | H6: 1 | I6: 5.9 | J6: Billions | K6: INR | L6: 1000 | M6: 1000 | N6: 5900 | O6: 1000 | P6: 5900 | Q6: 12.5 | R6: 73.75 | S6: =IF(OR(E6="",E6="NULL"),"Not rated",IF(E6>=8,"Must Watch",IF(E6>=6,"Worth of watch","Skip"))) -> Not rated | T6: =IF(OR(Q6="",Q6="NULL",R6="",R6="NULL"),"",IFERROR((R6-Q6)/Q6,"")) -> 4.9
A7: 135 | B7: The Kashmir Files | C7: Bollywood | D7: 2022 | E7: 8.3 | F7: Zee Studios | G7: 1 | H7: 250 | I7: 3409 | J7: Millions | K7: INR | L7: 1 | M7: 250 | N7: 3409 | O7: 250 | P7: 3409 | Q7: 3.125 | R7: 42.6125 | S7: =IF(OR(E7="",E7="NULL"),"Not rated",IF(E7>=8,"Must Watch",IF(E7>=6,"Worth of watch","Skip"))) -> Must Watch | T7: =IF(OR(Q7="",Q7="NULL",R7="",R7="NULL"),"",IFERROR((R7-Q7)/Q7,"")) -> 12.636
A8: 136 | B8: Bajrangi Bhaijaan | C8: Bollywood | D8: 2015 | E8: 8.1 | F8: Salman Khan Films | G8: 1 | H8: 900 | I8: 11690 | J8: Millions | K8: INR | L8: 1 | M8: 900 | N8: 11690 | O8: 900 | P8: 11690 | Q8: 11.25 | R8: 146.125 | S8: =IF(OR(E8="",E8="NULL"),"Not rated",IF(E8>=8,"Must Watch",IF(E8>=6,"Worth of watch","Skip"))) -> Must Watch | T8: =IF(OR(Q8="",Q8="NULL",R8="",R8="NULL"),"",IFERROR((R8-Q8)/Q8,"")) -> 11.988889
A9: 140 | B9: Shershaah | C9: Bollywood | D9: 2021 | E9: 8.4 | F9: Dharma Productions | G9: 1 | H9: 500 | I9: 950 | J9: Millions | K9: INR | L9: 1 | M9: 500 | N9: 950 | O9: 500 | P9: 950 | Q9: 6.25 | R9: 11.875 | S9: =IF(OR(E9="",E9="NULL"),"Not rated",IF(E9>=8,"Must Watch",IF(E9>=6,"Worth of watch","Skip"))) -> Must Watch | T9: =IF(OR(Q9="",Q9="NULL",R9="",R9="NULL"),"",IFERROR((R9-Q9)/Q9,"")) -> 0.9
A10: 106 | B10: Sholay | C10: Bollywood | D10: 1975 | E10: 8.1 | F10: United Producers | G10: 1 | L10: 1 | S10: =IF(OR(E10="",E10="NULL"),"Not rated",IF(E10>=8,"Must Watch",IF(E10>=6,"Worth of watch","Skip"))) -> Must Watch | T10: =IF(OR(Q10="",Q10="NULL",R10="",R10="NULL"),"",IFERROR((R10-Q10)/Q10,""))
A11: 110 | B11: Bajirao Mastani | C11: Bollywood | D11: 2015 | E11: 7.2 | F11: Not Available | G11: 1 | H11: 1.4 | I11: 3.5 | J11: Billions | K11: INR | L11: 1000 | M11: 1400 | N11: 3500 | O11: 1400 | P11: 3500 | Q11: 17.5 | R11: 43.75 | S11: =IF(OR(E11="",E11="NULL"),"Not rated",IF(E11>=8,"Must Watch",IF(E11>=6,"Worth of watch","Skip"))) -> Worth of watch | T11: =IF(OR(Q11="",Q11="NULL",R11="",R11="NULL"),"",IFERROR((R11-Q11)/Q11,"")) -> 1.5
A12: 108 | B12: 3 Idiots | C12: Bollywood | D12: 2009 | E12: 8.4 | F12: Vinod Chopra Films | G12: 1 | H12: 550 | I12: 4000 | J12: Millions | K12: INR | L12: 1 | M12: 550 | N12: 4000 | O12: 550 | P12: 4000 | Q12: 6.875 | R12: 50 | S12: =IF(OR(E12="",E12="NULL"),"Not rated",IF(E12>=8,"Must Watch",IF(E12>=6,"Worth of watch","Skip"))) -> Must Watch | T12: =IF(OR(Q12="",Q12="NULL",R12="",R12="NULL"),"",IFERROR((R12-Q12)/Q12,"")) -> 6.2727273
A13: 107 | B13: Dilwale Dulhania Le Jayenge | C13: Bollywood | D13: 1995 | E13: 8 | F13: Yash Raj Films | G13: 1 | H13: 400 | I13: 2000 | J13: Millions | K13: INR | L13: 1 | M13: 400 | N13: 2000 | O13: 400 | P13: 2000 | Q13: 5 | R13: 25 | S13: =IF(OR(E13="",E13="NULL"),"Not rated",IF(E13>=8,"Must Watch",IF(E13>=6,"Worth of watch","Skip"))) -> Must Watch | T13: =IF(OR(Q13="",Q13="NULL",R13="",R13="NULL"),"",IFERROR((R13-Q13)/Q13,"")) -> 4
A14: 139 | B14: Race 3 | C14: Bollywood | D14: 2018 | E14: 1.9 | F14: Salman Khan Films | G14: 1 | H14: 1.8 | I14: 3.1 | J14: Billions | K14: INR | L14: 1000 | M14: 1800 | N14: 3100 | O14: 1800 | P14: 3100 | Q14: 22.5 | R14: 38.75 | S14: =IF(OR(E14="",E14="NULL"),"Not rated",IF(E14>=8,"Must Watch",IF(E14>=6,"Worth of watch","Skip"))) -> Skip | T14: =IF(OR(Q14="",Q14="NULL",R14="",R14="NULL"),"",IFERROR((R14-Q14)/Q14,"")) -> 0.72222222
A15: 132 | B15: Pushpa: The Rise - Part 1 | C15: Bollywood | D15: 2021 | E15: 7.6 | F15: Mythri Movie Makers | G15: 2 | H15: 2 | I15: 3.6 | J15: Billions | K15: INR | L15: 1000 | M15: 2000 | N15: 3600 | O15: 2000 | P15: 3600 | Q15: 25 | R15: 45 | S15: =IF(OR(E15="",E15="NULL"),"Not rated",IF(E15>=8,"Must Watch",IF(E15>=6,"Worth of watch","Skip"))) -> Worth of watch | T15: =IF(OR(Q15="",Q15="NULL",R15="",R15="NULL"),"",IFERROR((R15-Q15)/Q15,"")) -> 0.8
A16: 133 | B16: RRR | C16: Bollywood | D16: 2022 | E16: 8 | F16: DVV Entertainment | G16: 2 | H16: 5.5 | I16: 12 | J16: Billions | K16: INR | L16: 1000 | M16: 5500 | N16: 12000 | O16: 5500 | P16: 12000 | Q16: 68.75 | R16: 150 | S16: =IF(OR(E16="",E16="NULL"),"Not rated",IF(E16>=8,"Must Watch",IF(E16>=6,"Worth of watch","Skip"))) -> Must Watch | T16: =IF(OR(Q16="",Q16="NULL",R16="",R16="NULL"),"",IFERROR((R16-Q16)/Q16,"")) -> 1.1818182
A17: 134 | B17: Baahubali: The Beginning | C17: Bollywood | D17: 2015 | E17: 8 | F17: Arka Media Works | G17: 2 | H17: 1.8 | I17: 6.5 | J17: Billions | K17: INR | L17: 1000 | M17: 1800 | N17: 6500 | O17: 1800 | P17: 6500 | Q17: 22.5 | R17: 81.25 | S17: =IF(OR(E17="",E17="NULL"),"Not rated",IF(E17>=8,"Must Watch",IF(E17>=6,"Worth of watch","Skip"))) -> Must Watch | T17: =IF(OR(Q17="",Q17="NULL",R17="",R17="NULL"),"",IFERROR((R17-Q17)/Q17,"")) -> 2.6111111
A18: 101 | B18: K.G.F: Chapter 2 | C18: Bollywood | D18: 2022 | E18: 8.4 | F18: Hombale Films | G18: 3 | H18: 1 | I18: 12.5 | J18: Billions | K18: INR | L18: 1000 | M18: 1000 | N18: 12500 | O18: 1000 | P18: 12500 | Q18: 12.5 | R18: 156.25 | S18: =IF(OR(E18="",E18="NULL"),"Not rated",IF(E18>=8,"Must Watch",IF(E18>=6,"Worth of watch","Skip"))) -> Must Watch | T18: =IF(OR(Q18="",Q18="NULL",R18="",R18="NULL"),"",IFERROR((R18-Q18)/Q18,"")) -> 11.5
A19: 126 | B19: Avengers: Infinity War | C19: Hollywood | D19: 2018 | E19: 8.4 | F19: Marvel Studios | G19: 5 | H19: 400 | I19: 2048 | J19: Millions | K19: USD | L19: 1 | M19: 400 | N19: 2048 | O19: 32000 | P19: 163840 | Q19: 400 | R19: 2048 | S19: =IF(OR(E19="",E19="NULL"),"Not rated",IF(E19>=8,"Must Watch",IF(E19>=6,"Worth of watch","Skip"))) -> Must Watch | T19: =IF(OR(Q19="",Q19="NULL",R19="",R19="NULL"),"",IFERROR((R19-Q19)/Q19,"")) -> 4.12
A20: 112 | B20: Inception | C20: Hollywood | D20: 2010 | E20: 8.8 | F20: Warner Bros. Pictures | G20: 5 | L20: 1 | S20: =IF(OR(E20="",E20="NULL"),"Not rated",IF(E20>=8,"Must Watch",IF(E20>=6,"Worth of watch","Skip"))) -> Must Watch | T20: =IF(OR(Q20="",Q20="NULL",R20="",R20="NULL"),"",IFERROR((R20-Q20)/Q20,""))
A21: 138 | B21: Captain America: The Winter Soldier | C21: Hollywood | D21: 2014 | E21: 7.8 | F21: Marvel Studios | G21: 5 | H21: 177 | I21: 714.4 | J21: Millions | K21: USD | L21: 1 | M21: 177 | N21: 714.4 | O21: 14160 | P21: 57152 | Q21: 177 | R21: 714.4 | S21: =IF(OR(E21="",E21="NULL"),"Not rated",IF(E21>=8,"Must Watch",IF(E21>=6,"Worth of watch","Skip"))) -> Worth of watch | T21: =IF(OR(Q21="",Q21="NULL",R21="",R21="NULL"),"",IFERROR((R21-Q21)/Q21,"")) -> 3.0361582
A22: 137 | B22: Captain America: The First Avenger | C22: Hollywood | D22: 2011 | E22: 6.9 | F22: Marvel Studios | G22: 5 | H22: 216.7 | I22: 370.6 | J22: Millions | K22: USD | L22: 1 | M22: 216.7 | N22: 370.6 | O22: 17336 | P22: 29648 | Q22: 216.7 | R22: 370.6 | S22: =IF(OR(E22="",E22="NULL"),"Not rated",IF(E22>=8,"Must Watch",IF(E22>=6,"Worth of watch","Skip"))) -> Worth of watch | T22: =IF(OR(Q22="",Q22="NULL",R22="",R22="NULL"),"",IFERROR((R22-Q22)/Q22,"")) -> 0.71019843
A23: 125 | B23: Avengers: Endgame | C23: Hollywood | D23: 2019 | E23: 8.4 | F23: Marvel Studios | G23: 5 | H23: 400 | I23: 2798 | J23: Millions | K23: USD | L23: 1 | M23: 400 | N23: 2798 | O23: 32000 | P23: 223840 | Q23: 400 | R23: 2798 | S23: =IF(OR(E23="",E23="NULL"),"Not rated",IF(E23>=8,"Must Watch",IF(E23>=6,"Worth of watch","Skip"))) -> Must Watch | T23: =IF(OR(Q23="",Q23="NULL",R23="",R23="NULL"),"",IFERROR((R23-Q23)/Q23,"")) -> 5.995
A24: 113 | B24: Interstellar | C24: Hollywood | D24: 2014 | E24: 8.6 | F24: Warner Bros. Pictures | G24: 5 | H24: 165 | I24: 701.8 | J24: Millions | K24: USD | L24: 1 | M24: 165 | N24: 701.8 | O24: 13200 | P24: 56144 | Q24: 165 | R24: 701.8 | S24: =IF(OR(E24="",E24="NULL"),"Not rated",IF(E24>=8,"Must Watch",IF(E24>=6,"Worth of watch","Skip"))) -> Must Watch | T24: =IF(OR(Q24="",Q24="NULL",R24="",R24="NULL"),"",IFERROR((R24-Q24)/Q24,"")) -> 3.2533333
A25: 111 | B25: The Shawshank Redemption | C25: Hollywood | D25: 1994 | E25: 9.3 | F25: Castle Rock Entertainment | G25: 5 | H25: 25 | I25: 73.3 | J25: Millions | K25: USD | L25: 1 | M25: 25 | N25: 73.3 | O25: 2000 | P25: 5864 | Q25: 25 | R25: 73.3 | S25: =IF(OR(E25="",E25="NULL"),"Not rated",IF(E25>=8,"Must Watch",IF(E25>=6,"Worth of watch","Skip"))) -> Must Watch | T25: =IF(OR(Q25="",Q25="NULL",R25="",R25="NULL"),"",IFERROR((R25-Q25)/Q25,"")) -> 1.932
A26: 116 | B26: Gladiator | C26: Hollywood | D26: 2000 | E26: 8.5 | F26: Universal Pictures | G26: 5 | H26: 103 | I26: 460.5 | J26: Millions | K26: USD | L26: 1 | M26: 103 | N26: 460.5 | O26: 8240 | P26: 36840 | Q26: 103 | R26: 460.5 | S26: =IF(OR(E26="",E26="NULL"),"Not rated",IF(E26>=8,"Must Watch",IF(E26>=6,"Worth of watch","Skip"))) -> Must Watch | T26: =IF(OR(Q26="",Q26="NULL",R26="",R26="NULL"),"",IFERROR((R26-Q26)/Q26,"")) -> 3.4708738
A27: 115 | B27: The Pursuit of Happyness | C27: Hollywood | D27: 2006 | E27: 8 | F27: Columbia Pictures | G27: 5 | H27: 55 | I27: 307.1 | J27: Millions | K27: USD | L27: 1 | M27: 55 | N27: 307.1 | O27: 4400 | P27: 24568 | Q27: 55 | R27: 307.1 | S27: =IF(OR(E27="",E27="NULL"),"Not rated",IF(E27>=8,"Must Watch",IF(E27>=6,"Worth of watch","Skip"))) -> Must Watch | T27: =IF(OR(Q27="",Q27="NULL",R27="",R27="NULL"),"",IFERROR((R27-Q27)/Q27,"")) -> 4.5836364
A28: 103 | B28: Thor: The Dark World | C28: Hollywood | D28: 2013 | E28: 6.8 | F28: Marvel Studios | G28: 5 | H28: 165 | I28: 644.8 | J28: Millions | K28: USD | L28: 1 | M28: 165 | N28: 644.8 | O28: 13200 | P28: 51584 | Q28: 165 | R28: 644.8 | S28: =IF(OR(E28="",E28="NULL"),"Not rated",IF(E28>=8,"Must Watch",IF(E28>=6,"Worth of watch","Skip"))) -> Worth of watch | T28: =IF(OR(Q28="",Q28="NULL",R28="",R28="NULL"),"",IFERROR((R28-Q28)/Q28,"")) -> 2.9078788
A29: 102 | B29: Doctor Strange in the Multiverse of Madness | C29: Hollywood | D29: 2022 | E29: 7 | F29: Marvel Studios | G29: 5 | H29: 200 | I29: 954.8 | J29: Millions | K29: USD | L29: 1 | M29: 200 | N29: 954.8 | O29: 16000 | P29: 76384 | Q29: 200 | R29: 954.8 | S29: =IF(OR(E29="",E29="NULL"),"Not rated",IF(E29>=8,"Must Watch",IF(E29>=6,"Worth of watch","Skip"))) -> Worth of watch | T29: =IF(OR(Q29="",Q29="NULL",R29="",R29="NULL"),"",IFERROR((R29-Q29)/Q29,"")) -> 3.774
A30: 105 | B30: Thor: Love and Thunder | C30: Hollywood | D30: 2022 | E30: 6.8 | F30: Marvel Studios | G30: 5 | H30: 250 | I30: 670 | J30: Millions | K30: USD | L30: 1 | M30: 250 | N30: 670 | O30: 20000 | P30: 53600 | Q30: 250 | R30: 670 | S30: =IF(OR(E30="",E30="NULL"),"Not rated",IF(E30>=8,"Must Watch",IF(E30>=6,"Worth of watch","Skip"))) -> Worth of watch | T30: =IF(OR(Q30="",Q30="NULL",R30="",R30="NULL"),"",IFERROR((R30-Q30)/Q30,"")) -> 1.68
A31: 104 | B31: Thor: Ragnarok | C31: Hollywood | D31: 2017 | E31: 7.9 | F31: Marvel Studios | G31: 5 | H31: 180 | I31: 854 | J31: Millions | K31: USD | L31: 1 | M31: 180 | N31: 854 | O31: 14400 | P31: 68320 | Q31: 180 | R31: 854 | S31: =IF(OR(E31="",E31="NULL"),"Not rated",IF(E31>=8,"Must Watch",IF(E31>=6,"Worth of watch","Skip"))) -> Worth of watch | T31: =IF(OR(Q31="",Q31="NULL",R31="",R31="NULL"),"",IFERROR((R31-Q31)/Q31,"")) -> 3.7444444
A32: 117 | B32: Titanic | C32: Hollywood | D32: 1997 | E32: 7.9 | F32: Paramount Pictures | G32: 5 | H32: 200 | I32: 2202 | J32: Millions | K32: USD | L32: 1 | M32: 200 | N32: 2202 | O32: 16000 | P32: 176160 | Q32: 200 | R32: 2202 | S32: =IF(OR(E32="",E32="NULL"),"Not rated",IF(E32>=8,"Must Watch",IF(E32>=6,"Worth of watch","Skip"))) -> Worth of watch | T32: =IF(OR(Q32="",Q32="NULL",R32="",R32="NULL"),"",IFERROR((R32-Q32)/Q32,"")) -> 10.01
... A44: 144 | B44: Mortal Engines | C44: Hollywood | D44: 2018 | E44: 6.1 | F44: Universal Pictures | G44: 5 | H44: 100 | I44: 83.7 | J44: Millions | K44: USD | L44: 1 | M44: 100 | N44: 83.7 | O44: 8000 | P44: 6696 | Q44: 100 | R44: 83.7 | S44: =IF(OR(E44="",E44="NULL"),"Not rated",IF(E44>=8,"Must Watch",IF(E44>=6,"Worth of watch","Skip"))) -> Worth of watch | T44: =IF(OR(Q44="",Q44="NULL",R44="",R44="NULL"),"",IFERROR((R44-Q44)/Q44,"")) -> -0.163

Sheet movies
A1: movie_id_title | B1: industry | C1: release_year | D1: imdb_rating | E1: studio | F1: language_id
A2: 101:K.G.F: Chapter 2 | B2: Bollywood | C2: 2022 | D2: 8.4 | E2: Hombale Films | F2: 3
A3: 102:Doctor Strange in the Multiverse of Madness | B3: Hollywood | C3: 2022 | D3: 7 | E3: Marvel Studios | F3: 5
A4: 103:Thor: The Dark World | B4: Hollywood | C4: 2013 | D4: 6.8 | E4: Marvel Studios | F4: 5
A5: 104:Thor: Ragnarok | B5: Hollywood | C5: 2017 | D5: 7.9 | E5: Marvel Studios | F5: 5
A6: 105:Thor: Love and Thunder | B6: Hollywood | C6: 2022 | D6: 6.8 | E6: Marvel Studios | F6: 5
A7: 106:Sholay | B7: Bollywood | C7: 1975 | D7: 8.1 | E7: United Producers | F7: 1
A8: 107:Dilwale Dulhania Le Jayenge | B8: Bollywood | C8: 1995 | D8: 8 | E8: Yash Raj Films | F8: 1
A9: 108:3 Idiots | B9: Bollywood | C9: 2009 | D9: 8.4 | E9: Vinod Chopra Films | F9: 1
A10: 109:Kabhi Khushi Kabhie Gham | B10: Bollywood | C10: 2001 | D10: 7.4 | E10: Dharma Productions | F10: 1
A11: 110:Bajirao Mastani | B11: Bollywood | C11: 2015 | D11: 7.2 | E11: Not Available | F11: 1
A12: 111:The Shawshank Redemption | B12: Hollywood | C12: 1994 | D12: 9.3 | E12: Castle Rock Entertainment | F12: 5
A13: 112:Inception | B13: Hollywood | C13: 2010 | D13: 8.8 | E13: Warner Bros. Pictures | F13: 5
... A30: 130:PK | B30: Bollywood | C30: 2014 | D30: 8.1 | E30: Vinod Chopra Films | F30: 1
A31: 131:Sanju | B31: Bollywood | C31: 2018 | D31: NULL | E31: Vinod Chopra Films | F31: 1
A32: 132:Pushpa: The Rise - Part 1 | B32: Bollywood | C32: 2021 | D32: 7.6 | E32: Mythri Movie Makers | F32: 2
A33: 133:RRR | B33: Bollywood | C33: 2022 | D33: 8 | E33: DVV Entertainment | F33: 2
A34: 134:Baahubali: The Beginning | B34: Bollywood | C34: 2015 | D34: 8 | E34: Arka Media Works | F34: 2
A35: 135:The Kashmir Files | B35: Bollywood | C35: 2022 | D35: 8.3 | E35: Zee Studios | F35: 1
A36: 136:Bajrangi Bhaijaan | B36: Bollywood | C36: 2015 | D36: 8.1 | E36: Salman Khan Films | F36: 1
A37: 137:Captain America: The First Avenger | B37: Hollywood | C37: 2011 | D37: 6.9 | E37: Marvel Studios | F37: 5
A38: 138:Captain America: The Winter Soldier | B38: Hollywood | C38: 2014 | D38: 7.8 | E38: Marvel Studios | F38: 5
A39: 139:Race 3 | B39: Bollywood | C39: 2018 | D39: 1.9 | E39: Salman Khan Films | F39: 1
A40: 140:Shershaah | B40: Bollywood | C40: 2021 | D40: 8.4 | E40: Dharma Productions | F40: 1
A41: 141:Thugs of Hindostan | B41: Bollywood | C41: 2018 | D41: 4.1 | E41: Yash Raj Films | F41: 1
A42: 142:Shamshera | B42: Bollywood | C42: 2022 | D42: 5.6 | E42: Yash Raj Films | F42: 1
A43: 143:Cats | B43: Hollywood | C43: 2019 | D43: 2.8 | E43: Universal Pictures | F43: 5
A44: 144:Mortal Engines | B44: Hollywood | C44: 2018 | D44: 6.1 | E44: Universal Pictures | F44: 5

Sheet financials
A1: movie_id | B1: budget | C1: revenue | D1: unit | E1: currency
A2: 101 | B2: 1 | C2: 12.5 | D2: Billions | E2: INR
A3: 102 | B3: 200 | C3: 954.8 | D3: Millions | E3: USD
A4: 103 | B4: 165 | C4: 644.8 | D4: Millions | E4: USD
A5: 104 | B5: 180 | C5: 854 | D5: Millions | E5: USD
A6: 105 | B6: 250 | C6: 670 | D6: Millions | E6: USD
A7: 107 | B7: 400 | C7: 2000 | D7: Millions | E7: INR
A8: 108 | B8: 550 | C8: 4000 | D8: Millions | E8: INR
A9: 109 | B9: 390 | C9: 1360 | D9: Millions | E9: INR
A10: 110 | B10: 1.4 | C10: 3.5 | D10: Billions | E10: INR
A11: 111 | B11: 25 | C11: 73.3 | D11: Millions | E11: USD
A12: 113 | B12: 165 | C12: 701.8 | D12: Millions | E12: USD
A13: 114 | B13: 205 | C13: 365.3 | D13: Millions | E13: USD
... A45: 144 | B45: 100 | C45: 83.7 | D45: Millions | E45: USD

Sheet actors
A1: actor_id | B1: name | C1: birth_year
A2: 50 | B2: Yash | C2: 1986
A3: 51 | B3: Sanjay Dutt | C3: 1959
A4: 52 | B4: Benedict Cumberbatch | C4: 1976
A5: 53 | B5: Elizabeth Olsen | C5: 1989
A6: 54 | B6: Chris Hemsworth | C6: 1983
A7: 55 | B7: Natalie Portman | C7: 1981
A8: 56 | B8: Tom Hiddleston | C8: 1981
A9: 57 | B9: Amitabh Bachchan | C9: 1942
A10: 58 | B10: Jaya Bachchan | C10: 1948
A11: 59 | B11: Shah Rukh Khan | C11: 1965
A12: 60 | B12: Kajol | C12: 1974
A13: 61 | B13: Aamir Khan | C13: 1965
... A68: 170 | B68: Kiara Advani | C68: 1991

Sheet movie_actor
A1: movie_id | B1: actor_id
A2: 101 | B2: 50
A3: 101 | B3: 51
A4: 102 | B4: 52
A5: 102 | B5: 53
A6: 103 | B6: 54
A7: 103 | B7: 55
A8: 103 | B8: 56
A9: 104 | B9: 54
A10: 104 | B10: 56
A11: 105 | B11: 54
A12: 105 | B12: 55
A13: 106 | B13: 57
... A86: 140 | B86: 170

Sheet languages
A1: language_id | B1: name
A2: 1 | B2: Hindi
A3: 2 | B3: Telugu
A4: 3 | B4: Kannada
A5: 4 | B5: Tamil
A6: 5 | B6: English
A7: 6 | B7: French
A8: 7 | B8: Bengali
A9: 8 | B9: Gujarati

Sheet Language summary
A1: language_id | B1: language_name | C1: total_movies | D1: average_imdb_rating | E1: total_profit_usd_millions
A2: 1 | B2: Hindi | C2: =COUNTIF(MovieFinancials!$G$2:$G$44,A2) -> 15 | D2: =IF(C2=0,0,IFERROR(AVERAGEIF(MovieFinancials!$G$2:$G$44,A2,MovieFinancials!$E$2:$E$44),0)) -> 7.1428571 | E2: =SUMIF(MovieFinancials!$G$2:$G$44,A2,MovieFinancials!$R$2:$R$44)-SUMIF(MovieFinancials!$G$2:$G$44,A2,MovieFinancials!$Q$2:$Q$44) -> 444.9875
A3: 2 | B3: Telugu | C3: =COUNTIF(MovieFinancials!$G$2:$G$44,A3) -> 3 | D3: =IF(C3=0,0,IFERROR(AVERAGEIF(MovieFinancials!$G$2:$G$44,A3,MovieFinancials!$E$2:$E$44),0)) -> 7.8666667 | E3: =SUMIF(MovieFinancials!$G$2:$G$44,A3,MovieFinancials!$R$2:$R$44)-SUMIF(MovieFinancials!$G$2:$G$44,A3,MovieFinancials!$Q$2:$Q$44) -> 160
A4: 3 | B4: Kannada | C4: =COUNTIF(MovieFinancials!$G$2:$G$44,A4) -> 1 | D4: =IF(C4=0,0,IFERROR(AVERAGEIF(MovieFinancials!$G$2:$G$44,A4,MovieFinancials!$E$2:$E$44),0)) -> 8.4 | E4: =SUMIF(MovieFinancials!$G$2:$G$44,A4,MovieFinancials!$R$2:$R$44)-SUMIF(MovieFinancials!$G$2:$G$44,A4,MovieFinancials!$Q$2:$Q$44) -> 143.75
A5: 4 | B5: Tamil | C5: =COUNTIF(MovieFinancials!$G$2:$G$44,A5) -> 0 | D5: =IF(C5=0,0,IFERROR(AVERAGEIF(MovieFinancials!$G$2:$G$44,A5,MovieFinancials!$E$2:$E$44),0)) -> 0 | E5: =SUMIF(MovieFinancials!$G$2:$G$44,A5,MovieFinancials!$R$2:$R$44)-SUMIF(MovieFinancials!$G$2:$G$44,A5,MovieFinancials!$Q$2:$Q$44) -> 0
A6: 5 | B6: English | C6: =COUNTIF(MovieFinancials!$G$2:$G$44,A6) -> 23 | D6: =IF(C6=0,0,IFERROR(AVERAGEIF(MovieFinancials!$G$2:$G$44,A6,MovieFinancials!$E$2:$E$44),0)) -> 7.8391304 | E6: =SUMIF(MovieFinancials!$G$2:$G$44,A6,MovieFinancials!$R$2:$R$44)-SUMIF(MovieFinancials!$G$2:$G$44,A6,MovieFinancials!$Q$2:$Q$44) -> 15472.32
A7: 6 | B7: French | C7: =COUNTIF(MovieFinancials!$G$2:$G$44,A7) -> 0 | D7: =IF(C7=0,0,IFERROR(AVERAGEIF(MovieFinancials!$G$2:$G$44,A7,MovieFinancials!$E$2:$E$44),0)) -> 0 | E7: =SUMIF(MovieFinancials!$G$2:$G$44,A7,MovieFinancials!$R$2:$R$44)-SUMIF(MovieFinancials!$G$2:$G$44,A7,MovieFinancials!$Q$2:$Q$44) -> 0
A8: 7 | B8: Bengali | C8: =COUNTIF(MovieFinancials!$G$2:$G$44,A8) -> 1 | D8: =IF(C8=0,0,IFERROR(AVERAGEIF(MovieFinancials!$G$2:$G$44,A8,MovieFinancials!$E$2:$E$44),0)) -> 8.3 | E8: =SUMIF(MovieFinancials!$G$2:$G$44,A8,MovieFinancials!$R$2:$R$44)-SUMIF(MovieFinancials!$G$2:$G$44,A8,MovieFinancials!$Q$2:$Q$44) -> 0.375
A9: 8 | B9: Gujarati | C9: =COUNTIF(MovieFinancials!$G$2:$G$44,A9) -> 0 | D9: =IF(C9=0,0,IFERROR(AVERAGEIF(MovieFinancials!$G$2:$G$44,A9,MovieFinancials!$E$2:$E$44),0)) -> 0 | E9: =SUMIF(MovieFinancials!$G$2:$G$44,A9,MovieFinancials!$R$2:$R$44)-SUMIF(MovieFinancials!$G$2:$G$44,A9,MovieFinancials!$Q$2:$Q$44) -> 0
